<?xml version="1.0" encoding="windows-1252"?>
<Collection name="Resource Library" guid="{f36c7051-f382-4558-8dbf-091f74c26c83}" system="No" updatable="Yes" blockNavigatorNode="No">
	<HelpLink>http://support.contensive.com/Resource-Library</HelpLink>
	<Help></Help>
	<Addon name="Resource Library" guid="{564EF3F5-9673-4212-A692-0942DD51FF1A}" type="Tool">
		<Copy></Copy>
		<CopyText></CopyText>
		<ActiveXProgramID></ActiveXProgramID>
		<DotNetClass><![CDATA[Contensive.Addons.ResourceLibrary.Views.libraryClass]]></DotNetClass>
		<ArgumentList> </ArgumentList>
		<AsAjax>No</AsAjax>
		<Filter>No</Filter>
		<Help><![CDATA[<p>The resource library is a convenient place to store files used through the site. It can be accessed several ways:</p><ul>
			<li>From the admin site navigator under Manage Content. Use the resource library from here to upload resources and manage folders</li><li>While editing other content such as a page, import an image from the resource library by clicking the image tool then the folder tool.</li><li>While editing other content, create a download from the resource library by clicking the download tool.</li><li>While editing other content, create a link to resource by highlighting text and clicking the link tool, then the folder icon.</li><li>The Resource Library can be dropped on any public page to create a public file sharing repository.</li></ul><p>Folder access and permissions</p><ul>
			<li>Administrators have full access to edit files and folders, upload and delete files, and create and delete folders.</li><li>When using the resource library to provide resources for the wysiwyg editor, content managers can access and use all resource library files and folders.</li><li>Content managers can be given permission to upload or delete files, and add or delete folders within a specified folder. These permissions are controlled with group access through the folder record.</li></ul>]]></Help>
		<HelpLink></HelpLink>
		<Icon Link="" width="0" height="0" sprites="0" />
		<InIframe>No</InIframe>
		<BlockEditTools>yes</BlockEditTools>
		<FormXML></FormXML>
		<IsInline>No</IsInline>
		<JavascriptInHead></JavascriptInHead>
		<javascriptForceHead>No</javascriptForceHead>
		<JSHeadScriptSrc></JSHeadScriptSrc>
		<!-- deprecated --><JSBodyScriptSrc></JSBodyScriptSrc>
		<!-- deprecated --><JavascriptBodyEnd></JavascriptBodyEnd>
		<!-- deprecated --><JavascriptOnLoad></JavascriptOnLoad>
		<Content>Yes</Content>
		<Template>Yes</Template>
		<Email>No</Email>
		<Admin>Yes</Admin>
		<OnPageEndEvent>No</OnPageEndEvent>
		<OnPageStartEvent>No</OnPageStartEvent>
		<OnBodyStart>No</OnBodyStart>
		<OnBodyEnd>No</OnBodyEnd>
		<RemoteMethod>No</RemoteMethod>
		<ProcessRunOnce>No</ProcessRunOnce>
		<ProcessInterval>0</ProcessInterval>
		<MetaDescription></MetaDescription>
		<OtherHeadTags></OtherHeadTags>
		<PageTitle></PageTitle>
		<RemoteAssetLink></RemoteAssetLink>
		<Styles><![CDATA[
			.ccLibrary,
			.ccLibrary td,
			.ccLibrary a
			{
				color:#000;
			}
			.ccLibrary td.rlnav { 
				padding:10px; 
				vertical-align:top;
				background-color:white;
				width:140px;
				text-align:left;
			}
			.ccLibrary td.navBorder { 
				padding:0;
				vertical-align:top;
				background-color:
				white;width:5px;
			}
			.ccLibrary td.content { 
				padding:0;
				background-color:white;
				width:100%;
				vertical-align:top;
				text-align:left; 
			}
			.ccLibrary td.content tr.listRow td { 
				vertical-align:middle;
				padding: 2px 2px 2px 2px;
				text-align:left;
				border-top: 1px solid #C0C0C0; 
			}
			.ccLibrary td.content tr.listRow td { vertical-align:middle; }
			.ccLibrary td.content tr.listRow td.left { }
			.ccLibrary td.content tr.listRow td.center { text-align:center; }
			.ccLibrary td.content tr.listRow td.right { text-align:right; }
			]]></Styles>
		<styleslinkhref><![CDATA[/resourcelibrary/mktree.css]]></styleslinkhref>
		<Scripting Language="VBScript" EntryPoint="" Timeout="5000"/>
		<Category>Content.Files</Category>
		<instanceSettingPrimaryContentId><![CDATA[Resource Libraries]]></instanceSettingPrimaryContentId>
	</Addon>
	<CDef Name="Resource Libraries" Active="1" AdminOnly="0" AllowAdd="1" AllowCalendarEvents="0" AllowContentChildTool="0" AllowContentTracking="0" AllowDelete="1" AllowMetaContent="" AllowTopicRules="0" AllowWorkflowAuthoring="0" AuthoringDataSourceName="Default" AuthoringTableName="ccResourceLibraries" ContentDataSourceName="Default" ContentTableName="ccResourceLibraries" DefaultSortMethod="By Name" DeveloperOnly="0" DropDownFieldList="Name" EditorGroupName="" Parent="" IconLink="" IconHeight="0" IconWidth="0" IconSprites="0" isbasecontent="0" guid="{66E400E9-E3AF-4521-9728-149E800EE0D7}" >
		<Field Name="name" active="True" AdminOnly="False" Authorable="True" Caption="Name" DeveloperOnly="False" EditSortPriority="110" FieldType="Text" HTMLContent="False" IndexColumn="0" IndexSortDirection="" IndexSortOrder="0" IndexWidth="0" RedirectID="0" RedirectPath="" Required="False" TextBuffered="False" UniqueName="False" DefaultValue="" RSSTitle="False" RSSDescription="False" MemberSelectGroupID="0" EditTab="" Scramble="False" LookupList="" NotEditable="False" Password="False" ReadOnly="False" ManyToManyRulePrimaryField="" ManyToManyRuleSecondaryField="" IsModified="False" IsBaseField="False" LookupContent="" RedirectContent="" ManyToManyContent="" ManyToManyRuleContent="" >
			<HelpDefault><![CDATA[The name for this library. Multiple libraries can be created within the same application. Each catalog can use its own configuration, defined withing these records.]]></HelpDefault>
		</Field>
		<Field Name="RootFolderName" active="True" AdminOnly="False" Authorable="True" Caption="Root Folder Name" DeveloperOnly="False" EditSortPriority="110" FieldType="Text" HTMLContent="False" IndexColumn="0" IndexSortDirection="" IndexSortOrder="0" IndexWidth="0" RedirectID="0" RedirectPath="" Required="False" TextBuffered="False" UniqueName="False" DefaultValue="" RSSTitle="False" RSSDescription="False" MemberSelectGroupID="0" EditTab="" Scramble="False" LookupList="" NotEditable="False" Password="False" ReadOnly="False" ManyToManyRulePrimaryField="" ManyToManyRuleSecondaryField="" IsModified="False" IsBaseField="False" LookupContent="" RedirectContent="" ManyToManyContent="" ManyToManyRuleContent="" >
			<HelpDefault><![CDATA[]]></HelpDefault>
		</Field>
		<Field Name="BlockFolderNavigation" active="True" AdminOnly="False" Authorable="True" Caption="Block Folder Navigation" DeveloperOnly="False" EditSortPriority="1000" FieldType="Boolean" HTMLContent="False" IndexColumn="0" IndexSortDirection="" IndexSortOrder="0" IndexWidth="" RedirectID="" RedirectPath="" Required="False" TextBuffered="False" UniqueName="False" DefaultValue="" RSSTitle="False" RSSDescription="False" MemberSelectGroupID="0" EditTab="" Scramble="False" LookupList="" NotEditable="False" Password="False" ReadOnly="False" ManyToManyRulePrimaryField="" ManyToManyRuleSecondaryField="" IsModified="False" IsBaseField="False" LookupContent="Layouts" RedirectContent="" ManyToManyContent="" ManyToManyRuleContent="" >
			<HelpDefault><![CDATA[ ]]></HelpDefault>
		</Field>
		<!-- 
			common fields
		-->
		<Field Name="btnStyleSelector" active="True" AdminOnly="False" Authorable="false" Caption="Button Style" DeveloperOnly="False" EditSortPriority="1060" FieldType="Text" HTMLContent="False" IndexColumn="0" IndexSortDirection="" IndexSortOrder="0" IndexWidth="0" RedirectID="" RedirectPath="" Required="False" TextBuffered="False" UniqueName="False" DefaultValue="btn btn-primary" RSSTitle="False" RSSDescription="False" MemberSelectGroupID="0" EditTab="" Scramble="False" LookupList="" NotEditable="False" Password="False" ReadOnly="False" ManyToManyRulePrimaryField="" ManyToManyRuleSecondaryField="" IsModified="False" IsBaseField="False" LookupContent="" RedirectContent="" ManyToManyContent="" ManyToManyRuleContent="" >
			<HelpDefault>
				<![CDATA[Buttons created for this design block will use this style selector in the style attribute for all buttons. The default value is 'btn btn-primary'.]]>
			</HelpDefault>
		</Field>
		<Field Name="styleheight" active="True" AdminOnly="False" Authorable="True" Caption="Height (with units)" DeveloperOnly="False" EditSortPriority="3000" FieldType="Text" HTMLContent="False" IndexColumn="0" IndexSortDirection="" IndexSortOrder="0" IndexWidth="" RedirectID="" RedirectPath="" Required="False" TextBuffered="False" UniqueName="False" DefaultValue="" RSSTitle="False" RSSDescription="False" MemberSelectGroupID="0" EditTab="Styles" Scramble="False" LookupList="" NotEditable="False" Password="False" ReadOnly="False" ManyToManyRulePrimaryField="" ManyToManyRuleSecondaryField="" IsModified="False" IsBaseField="False" LookupContent="" RedirectContent="" ManyToManyContent="" ManyToManyRuleContent="" >
			<HelpDefault>
				<![CDATA[Optional. Set a style height and the design block will be forced this this height. Include both the number and the units, like 500px or 20em.]]>
			</HelpDefault>
		</Field>
		<Field Name="themestyleid" active="True" AdminOnly="False" Authorable="True" Caption="Block Wrapper Class" DeveloperOnly="False" EditSortPriority="4020" FieldType="Lookup" HTMLContent="False" IndexColumn="0" IndexSortDirection="" IndexSortOrder="0" IndexWidth="0" RedirectID="" RedirectPath="" Required="False" TextBuffered="False" UniqueName="False" DefaultValue="" RSSTitle="False" RSSDescription="False" MemberSelectGroupID="0" EditTab="Styles" Scramble="False" LookupList="" NotEditable="False" Password="False" ReadOnly="False" ManyToManyRulePrimaryField="" ManyToManyRuleSecondaryField="" IsModified="False" IsBaseField="False" LookupContent="Design Block Themes" RedirectContent="" ManyToManyContent="" ManyToManyRuleContent="" >
			<HelpDefault>
				<![CDATA[Optional. Select a css class selector to be added to the block's wrapper. Use this feature to customize the layout styles. To add a custom style, add the css class selector in the content 'Design Block Themes' and add the css code to the style sheet in the site's theme addon.]]>
			</HelpDefault>
		</Field>
		<Field Name="padtop" active="True" AdminOnly="False" Authorable="True" Caption="Top Padding" DeveloperOnly="False" EditSortPriority="2000" FieldType="Boolean" HTMLContent="False" IndexColumn="0" IndexSortDirection="" IndexSortOrder="0" IndexWidth="0" RedirectID="" RedirectPath="" Required="False" TextBuffered="False" UniqueName="False" DefaultValue="0" RSSTitle="False" RSSDescription="False" MemberSelectGroupID="0" EditTab="Styles" Scramble="False" LookupList="" NotEditable="False" Password="False" ReadOnly="False" ManyToManyRulePrimaryField="" ManyToManyRuleSecondaryField="" IsModified="False" IsBaseField="False" LookupContent="" RedirectContent="" ManyToManyContent="" ManyToManyRuleContent="" >
			<HelpDefault>
				<![CDATA[Add space between the edge of the block and the content.]]>
			</HelpDefault>
		</Field>
		<Field Name="padright" active="True" AdminOnly="False" Authorable="True" Caption="Right Padding" DeveloperOnly="False" EditSortPriority="2010" FieldType="Boolean" HTMLContent="False" IndexColumn="0" IndexSortDirection="" IndexSortOrder="0" IndexWidth="0" RedirectID="" RedirectPath="" Required="False" TextBuffered="False" UniqueName="False" DefaultValue="0" RSSTitle="False" RSSDescription="False" MemberSelectGroupID="0" EditTab="Styles" Scramble="False" LookupList="" NotEditable="False" Password="False" ReadOnly="False" ManyToManyRulePrimaryField="" ManyToManyRuleSecondaryField="" IsModified="False" IsBaseField="False" LookupContent="" RedirectContent="" ManyToManyContent="" ManyToManyRuleContent="" >
			<HelpDefault>
				<![CDATA[Add space between the edge of the block and the content.]]>
			</HelpDefault>
		</Field>
		<Field Name="padbottom" active="True" AdminOnly="False" Authorable="True" Caption="Bottom Padding" DeveloperOnly="False" EditSortPriority="2020" FieldType="Boolean" HTMLContent="False" IndexColumn="0" IndexSortDirection="" IndexSortOrder="0" IndexWidth="0" RedirectID="" RedirectPath="" Required="False" TextBuffered="False" UniqueName="False" DefaultValue="0" RSSTitle="False" RSSDescription="False" MemberSelectGroupID="0" EditTab="Styles" Scramble="False" LookupList="" NotEditable="False" Password="False" ReadOnly="False" ManyToManyRulePrimaryField="" ManyToManyRuleSecondaryField="" IsModified="False" IsBaseField="False" LookupContent="" RedirectContent="" ManyToManyContent="" ManyToManyRuleContent="" >
			<HelpDefault>
				<![CDATA[Add space between the edge of the block and the content.]]>
			</HelpDefault>
		</Field>
		<Field Name="padleft" active="True" AdminOnly="False" Authorable="True" Caption="Left Padding" DeveloperOnly="False" EditSortPriority="2030" FieldType="Boolean" HTMLContent="False" IndexColumn="0" IndexSortDirection="" IndexSortOrder="0" IndexWidth="0" RedirectID="" RedirectPath="" Required="False" TextBuffered="False" UniqueName="False" DefaultValue="0" RSSTitle="False" RSSDescription="False" MemberSelectGroupID="0" EditTab="Styles" Scramble="False" LookupList="" NotEditable="False" Password="False" ReadOnly="False" ManyToManyRulePrimaryField="" ManyToManyRuleSecondaryField="" IsModified="False" IsBaseField="False" LookupContent="" RedirectContent="" ManyToManyContent="" ManyToManyRuleContent="" >
			<HelpDefault>
				<![CDATA[Add space between the edge of the block and the content.]]>
			</HelpDefault>
		</Field>
		<Field Name="backgroundImageFilename" active="True" AdminOnly="False" Authorable="True" Caption="Background Image" DeveloperOnly="False" EditSortPriority="2040" FieldType="File" HTMLContent="False" IndexColumn="0" IndexSortDirection="" IndexSortOrder="0" IndexWidth="0" RedirectID="" RedirectPath="" Required="False" TextBuffered="False" UniqueName="False" DefaultValue="" RSSTitle="False" RSSDescription="False" MemberSelectGroupID="0" EditTab="Styles" Scramble="False" LookupList="" NotEditable="False" Password="False" ReadOnly="False" ManyToManyRulePrimaryField="" ManyToManyRuleSecondaryField="" IsModified="False" IsBaseField="False" LookupContent="" RedirectContent="" ManyToManyContent="" ManyToManyRuleContent="" >
			<HelpDefault>
				<![CDATA[Add a background image to the design block. It will be reduced in size to cover the entire background.]]>
			</HelpDefault>
		</Field>
		<Field Name="asFullBleed" active="True" AdminOnly="False" Authorable="True" Caption="Add Container Margin for Full Bleed template" DeveloperOnly="False" EditSortPriority="2050" FieldType="Boolean" HTMLContent="False" IndexColumn="0" IndexSortDirection="" IndexSortOrder="0" IndexWidth="0" RedirectID="" RedirectPath="" Required="False" TextBuffered="False" UniqueName="False" DefaultValue="0" RSSTitle="False" RSSDescription="False" MemberSelectGroupID="0" EditTab="Styles" Scramble="False" LookupList="" NotEditable="False" Password="False" ReadOnly="False" ManyToManyRulePrimaryField="" ManyToManyRuleSecondaryField="" IsModified="False" IsBaseField="False" LookupContent="" RedirectContent="" ManyToManyContent="" ManyToManyRuleContent="" >
			<HelpDefault>
				<![CDATA[When not checked, this design block should be used within a container. When checked, the block is expected to span the full width of the screen and may create its own container.]]>
			</HelpDefault>
		</Field>
	</CDef>

	<Resource name="bullet.gif" type="www" path="resourcelibrary" />
	<Resource name="bulletround.gif" type="www" path="resourcelibrary" />
	<Resource name="bulletround2.gif" type="www" path="resourcelibrary" />
	<Resource name="bulletsquare.gif" type="www" path="resourcelibrary" />
	<Resource name="iconaudio.gif" type="www" path="resourcelibrary" />
	<Resource name="iconaudiodownload.gif" type="www" path="resourcelibrary" />
	<Resource name="iconaudiomedia.gif" type="www" path="resourcelibrary" />
	<Resource name="iconcontentadd.gif" type="www" path="resourcelibrary" />
	<Resource name="iconcontentedit.gif" type="www" path="resourcelibrary" />
	<Resource name="icondefault.gif" type="www" path="resourcelibrary" />
	<Resource name="icondefaultdownload.gif" type="www" path="resourcelibrary" />
	<Resource name="icondefaultmedia.gif" type="www" path="resourcelibrary" />
	<Resource name="icondownload.gif" type="www" path="resourcelibrary" />
	<Resource name="icondownload2.gif" type="www" path="resourcelibrary" />
	<Resource name="icondownload3.gif" type="www" path="resourcelibrary" />
	<Resource name="icondownload_old.gif" type="www" path="resourcelibrary" />
	<Resource name="iconedgeclose.gif" type="www" path="resourcelibrary" />
	<Resource name="iconedgeopen.gif" type="www" path="resourcelibrary" />
	<Resource name="iconedit.gif" type="www" path="resourcelibrary" />
	<Resource name="iconemail.gif" type="www" path="resourcelibrary" />
	<Resource name="iconemailpage2.gif" type="www" path="resourcelibrary" />
	<Resource name="iconfile.gif" type="www" path="resourcelibrary" />
	<Resource name="iconfileadd.gif" type="www" path="resourcelibrary" />
	<Resource name="iconfileedit.gif" type="www" path="resourcelibrary" />
	<Resource name="iconflash.gif" type="www" path="resourcelibrary" />
	<Resource name="iconflashdownload.gif" type="www" path="resourcelibrary" />
	<Resource name="iconfolderadd.gif" type="www" path="resourcelibrary" />
	<Resource name="iconfolderadd2.gif" type="www" path="resourcelibrary" />
	<Resource name="iconfolderclosed.gif" type="www" path="resourcelibrary" />
	<Resource name="iconfolderedit.gif" type="www" path="resourcelibrary" />
	<Resource name="iconfolderopen.gif" type="www" path="resourcelibrary" />
	<Resource name="icongif.gif" type="www" path="resourcelibrary" />
	<Resource name="iconhelp.gif" type="www" path="resourcelibrary" />
	<Resource name="iconhtml.gif" type="www" path="resourcelibrary" />
	<Resource name="iconhtmlviewer.gif" type="www" path="resourcelibrary" />
	<Resource name="iconimage.gif" type="www" path="resourcelibrary" />
	<Resource name="iconimage2.gif" type="www" path="resourcelibrary" />
	<Resource name="iconimage2download.gif" type="www" path="resourcelibrary" />
	<Resource name="iconimage2media.gif" type="www" path="resourcelibrary" />
	<Resource name="iconimageplace.gif" type="www" path="resourcelibrary" />
	<Resource name="iconimageplace2322.gif" type="www" path="resourcelibrary" />
	<Resource name="iconimagesettings.gif" type="www" path="resourcelibrary" />
	<Resource name="iconimage_old.gif" type="www" path="resourcelibrary" />
	<Resource name="iconinstanceedit.gif" type="www" path="resourcelibrary" />
	<Resource name="iconjpeg.gif" type="www" path="resourcelibrary" />
	<Resource name="iconpage1818.gif" type="www" path="resourcelibrary" />
	<Resource name="iconpagebroken1818.gif" type="www" path="resourcelibrary" />
	<Resource name="iconpdf.gif" type="www" path="resourcelibrary" />
	<Resource name="iconpdfdownload.gif" type="www" path="resourcelibrary" />
	<Resource name="iconppt.gif" type="www" path="resourcelibrary" />
	<Resource name="iconpptdownload.gif" type="www" path="resourcelibrary" />
	<Resource name="iconpreview.gif" type="www" path="resourcelibrary" />
	<Resource name="iconprint.gif" type="www" path="resourcelibrary" />
	<Resource name="iconprintversion2.gif" type="www" path="resourcelibrary" />
	<Resource name="iconsitestylesedit.gif" type="www" path="resourcelibrary" />
	<Resource name="iconsmallcomment.gif" type="www" path="resourcelibrary" />
	<Resource name="iconsmallemail.gif" type="www" path="resourcelibrary" />
	<Resource name="iconsmallprinter.gif" type="www" path="resourcelibrary" />
	<Resource name="icontext.gif" type="www" path="resourcelibrary" />
	<Resource name="iconupload.gif" type="www" path="resourcelibrary" />
	<Resource name="iconvideo.gif" type="www" path="resourcelibrary" />
	<Resource name="iconvideo2322.gif" type="www" path="resourcelibrary" />
	<Resource name="iconvideodownload.gif" type="www" path="resourcelibrary" />
	<Resource name="iconvideomedia.gif" type="www" path="resourcelibrary" />
	<Resource name="iconview.gif" type="www" path="resourcelibrary" />
	<Resource name="iconword.gif" type="www" path="resourcelibrary" />
	<Resource name="iconworddoc.gif" type="www" path="resourcelibrary" />
	<Resource name="iconworddownload.gif" type="www" path="resourcelibrary" />
	<Resource name="iconxls.gif" type="www" path="resourcelibrary" />
	<Resource name="iconxlsdownload.gif" type="www" path="resourcelibrary" />
	<Resource name="iconxml-25x13.gif" type="www" path="resourcelibrary" />
	<Resource name="resourcelink1616.gif" type="www" path="resourcelibrary" />
	<Resource name="spacer.gif" type="www" path="resourcelibrary" />
	<Resource name="mktree.js" type="www" path="resourcelibrary" />
	<Resource name="mktree.css" type="www" path="resourcelibrary" />
	<Resource name="box.gif" type="www" path="resourcelibrary" />
	<Resource name="minus.gif" type="www" path="resourcelibrary" />
	<Resource name="plus.gif" type="www" path="resourcelibrary" />
	<Resource name="pointer.gif" type="www" path="resourcelibrary" />
	<Resource name="LibraryConfig.xml" type="content" path="resourcelibrary" />
</Collection>