<Collection name="Resource Library" guid="{F36C7051-F382-4558-8DBF-091F74C26C83}" system="No">
	<Help></Help>
	<Interfaces><!-- Version 4.0 Compatibility -->
		<Page name="Resource Library" guid="{564EF3F5-9673-4212-A692-0942DD51FF1A}" type="Add-on">
			<Copy></Copy>
			<CopyText></CopyText>
			<ActiveXProgramID><![CDATA[aoLibrary.LibraryClass]]></ActiveXProgramID>
			<DotNetClass></DotNetClass>
			<ActiveXDLL><![CDATA[aoLibrary.dll]]></ActiveXDLL><!-- Version 40 Compatibility -->
			<ArgumentList><![CDATA[RootFolderName
AllowGroupAdd=Yes[Yes|No]
AllowSelectResource=No[Yes|No]
SelectResourceEditorObjectName
SelectLinkObjectName
Block Folder Navigation=No[Yes|No]
]]></ArgumentList>
			<AsAjax>No</AsAjax>
			<Filter>No</Filter>
			<Help></Help>
			<HelpLink></HelpLink>
			<Icon Link="" width="0" height="0" sprites="0" />
			<InIframe>No</InIframe>
			<BlockEditTools>No</BlockEditTools>
			<FormXML></FormXML>
			<IsInline>0</IsInline>
			<JavascriptOnLoad></JavascriptOnLoad>
			<JavascriptInHead></JavascriptInHead>
			<JavascriptBodyEnd></JavascriptBodyEnd>
			<MetaDescription></MetaDescription>
			<OtherHeadTags></OtherHeadTags>
			<Content>Yes</Content>
			<Template>No</Template>
			<Admin>Yes</Admin>
			<OnPageEndEvent>No</OnPageEndEvent>
			<OnPageStartEvent>No</OnPageStartEvent>
			<OnBodyStart>No</OnBodyStart>
			<OnBodyEnd>No</OnBodyEnd>
			<RemoteMethod>No</RemoteMethod>
			<ProcessRunOnce>No</ProcessRunOnce>
			<ProcessInterval>0</ProcessInterval>
			<PageTitle></PageTitle>
			<RemoteAssetLink></RemoteAssetLink>
			<Styles><![CDATA[

.ccLibrary {}
.ccLibrary td.nav { 
	padding:10px; 
	vertical-align:top;
	background-color:white;
	width:140px;
	text-align:left;
}
.ccLibrary td.navBorder { 
	padding:0;
	vertical-align:top;
	background-color:
	white;width:5px;
}
.ccLibrary td.content { 
	padding:0;
	background-color:white;
	width:100%;
	vertical-align:top;
	text-align:left; 
}
.ccLibrary td.content tr.row td { 
	vertical-align:middle;
	padding: 2px 2px 2px 2px;
	text-align:left;
	border-top: 1px solid #C0C0C0; 
}
.ccLibrary td.content tr.row td.left { }
.ccLibrary td.content tr.row td.center { text-align:center; }
.ccLibrary td.content tr.row td.right { text-align:right; }
]]></Styles>
			<Scripting Language="" EntryPoint="" Timeout=""/>
		</Page>
	</Interfaces>
	<Resource name="LibraryConfig.xml" type="content" path="resourcelibrary" />
	<Resource name="aoLibrary.dll" type="executable" path="" />
	<Resource name="bullet.gif" type="www" path="resourcelibrary" />
	<Resource name="BulletRound.gif" type="www" path="resourcelibrary" />
	<Resource name="BulletRound2.gif" type="www" path="resourcelibrary" />
	<Resource name="BulletSquare.gif" type="www" path="resourcelibrary" />
	<Resource name="IconAudio.gif" type="www" path="resourcelibrary" />
	<Resource name="IconAudioDownload.gif" type="www" path="resourcelibrary" />
	<Resource name="IconAudioMedia.gif" type="www" path="resourcelibrary" />
	<Resource name="IconContentAdd.GIF" type="www" path="resourcelibrary" />
	<Resource name="IconContentEdit.gif" type="www" path="resourcelibrary" />
	<Resource name="IconDefault.GIF" type="www" path="resourcelibrary" />
	<Resource name="IconDefaultDownload.gif" type="www" path="resourcelibrary" />
	<Resource name="IconDefaultMedia.gif" type="www" path="resourcelibrary" />
	<Resource name="IconDownload.gif" type="www" path="resourcelibrary" />
	<Resource name="icondownload2.gif" type="www" path="resourcelibrary" />
	<Resource name="IconDownload3.gif" type="www" path="resourcelibrary" />
	<Resource name="IconDownload_old.GIF" type="www" path="resourcelibrary" />
	<Resource name="IconEdgeClose.gif" type="www" path="resourcelibrary" />
	<Resource name="IconEdgeOpen.gif" type="www" path="resourcelibrary" />
	<Resource name="IconEdit.GIF" type="www" path="resourcelibrary" />
	<Resource name="IconEmail.gif" type="www" path="resourcelibrary" />
	<Resource name="IconEmailPage2.gif" type="www" path="resourcelibrary" />
	<Resource name="IconFile.GIF" type="www" path="resourcelibrary" />
	<Resource name="IconFileAdd.gif" type="www" path="resourcelibrary" />
	<Resource name="IconFileEdit.GIF" type="www" path="resourcelibrary" />
	<Resource name="IconFlash.gif" type="www" path="resourcelibrary" />
	<Resource name="IconFlashDownload.gif" type="www" path="resourcelibrary" />
	<Resource name="IconFolderAdd.GIF" type="www" path="resourcelibrary" />
	<Resource name="IconFolderAdd2.gif" type="www" path="resourcelibrary" />
	<Resource name="IconFolderClosed.GIF" type="www" path="resourcelibrary" />
	<Resource name="IconFolderEdit.GIF" type="www" path="resourcelibrary" />
	<Resource name="IconFolderOpen.GIF" type="www" path="resourcelibrary" />
	<Resource name="IconGif.gif" type="www" path="resourcelibrary" />
	<Resource name="IconHelp.gif" type="www" path="resourcelibrary" />
	<Resource name="IconHTML.gif" type="www" path="resourcelibrary" />
	<Resource name="IconHTMLViewer.gif" type="www" path="resourcelibrary" />
	<Resource name="IconImage.GIF" type="www" path="resourcelibrary" />
	<Resource name="IconImage2.GIF" type="www" path="resourcelibrary" />
	<Resource name="IconImage2Download.gif" type="www" path="resourcelibrary" />
	<Resource name="IconImage2Media.gif" type="www" path="resourcelibrary" />
	<Resource name="IconImagePlace.gif" type="www" path="resourcelibrary" />
	<Resource name="IconImagePlace2322.gif" type="www" path="resourcelibrary" />
	<Resource name="IconImageSettings.gif" type="www" path="resourcelibrary" />
	<Resource name="IconImage_old.GIF" type="www" path="resourcelibrary" />
	<Resource name="IconInstanceEdit.gif" type="www" path="resourcelibrary" />
	<Resource name="IconJpeg.gif" type="www" path="resourcelibrary" />
	<Resource name="IconPage1818.gif" type="www" path="resourcelibrary" />
	<Resource name="IconPageBroken1818.gif" type="www" path="resourcelibrary" />
	<Resource name="IconPdf.gif" type="www" path="resourcelibrary" />
	<Resource name="IconPDFDownload.gif" type="www" path="resourcelibrary" />
	<Resource name="IconPPT.gif" type="www" path="resourcelibrary" />
	<Resource name="IconPPTDownload.gif" type="www" path="resourcelibrary" />
	<Resource name="IconPreview.GIF" type="www" path="resourcelibrary" />
	<Resource name="IconPrint.GIF" type="www" path="resourcelibrary" />
	<Resource name="IconPrintVersion2.gif" type="www" path="resourcelibrary" />
	<Resource name="IconSiteStylesEdit.gif" type="www" path="resourcelibrary" />
	<Resource name="IconSmallComment.gif" type="www" path="resourcelibrary" />
	<Resource name="IconSmallEmail.gif" type="www" path="resourcelibrary" />
	<Resource name="IconSmallPrinter.gif" type="www" path="resourcelibrary" />
	<Resource name="Icontext.gif" type="www" path="resourcelibrary" />
	<Resource name="IconUpload.GIF" type="www" path="resourcelibrary" />
	<Resource name="IconVideo.gif" type="www" path="resourcelibrary" />
	<Resource name="IconVideo2322.gif" type="www" path="resourcelibrary" />
	<Resource name="IconVideoDownload.gif" type="www" path="resourcelibrary" />
	<Resource name="IconVideoMedia.gif" type="www" path="resourcelibrary" />
	<Resource name="IconView.gif" type="www" path="resourcelibrary" />
	<Resource name="IconWord.gif" type="www" path="resourcelibrary" />
	<Resource name="IconWordDoc.gif" type="www" path="resourcelibrary" />
	<Resource name="IconWordDownload.gif" type="www" path="resourcelibrary" />
	<Resource name="IconXLS.gif" type="www" path="resourcelibrary" />
	<Resource name="IconXLSDownload.gif" type="www" path="resourcelibrary" />
	<Resource name="IconXML-25x13.gif" type="www" path="resourcelibrary" />
	<Resource name="ResourceLink1616.gif" type="www" path="resourcelibrary" />
	<Resource name="spacer.gif" type="www" path="resourcelibrary" />
</Collection>