﻿<?xml version="1.0" encoding="utf-8"?>
<libraryconfig>
  <filetype>
    <name>Images</name>
    <filetypeid>1</filetypeid>
    <extensionlist>GIF,JPG,JPE,JPEG,BMP,PNG</extensionlist>
    <IsDownload>true</IsDownload>
    <IsImage>true</IsImage>
    <IsVideo>false</IsVideo>
    <IsFlash>false</IsFlash>
    <iconlink>/resourcelibrary/IconImage2.gif</iconlink>
    <mediaiconlink>/resourcelibrary/Iconimage2Media.gif</mediaiconlink>
    <downloadiconlink>/resourcelibrary/IconImage2Download.gif</downloadiconlink>
  </filetype>
  <filetype>
    <name>Video</name>
    <filetypeid>2</filetypeid>
    <extensionlist>ASX,WMV,MOV,MPG,MPEG</extensionlist>
    <IsDownload>true</IsDownload>
    <IsImage>false</IsImage>
    <IsVideo>true</IsVideo>
    <IsFlash>false</IsFlash>
    <iconlink>/resourcelibrary/IconVideo.gif</iconlink>
    <mediaiconlink>/resourcelibrary/IconVideoMedia.gif</mediaiconlink>
    <downloadiconlink>/resourcelibrary/IconVideoDownload.gif</downloadiconlink>
  </filetype>
  <filetype>
    <name>Audio</name>
    <filetypeid>3</filetypeid>
    <extensionlist>AIF,AIFF,ASF,CDA,M4A,M4P,MP2,MP3,MPA,WAV,WMA</extensionlist>
    <IsDownload>true</IsDownload>
    <IsImage>false</IsImage>
    <IsVideo>false</IsVideo>
    <IsFlash>false</IsFlash>
    <iconlink>/resourcelibrary/IconAudio.gif</iconlink>
    <mediaiconlink>/resourcelibrary/IconAudioMedia.gif</mediaiconlink>
    <downloadiconlink>/resourcelibrary/IconAudioDownload.gif</downloadiconlink>
  </filetype>
  <filetype>
    <name>Doc</name>
    <filetypeid>4</filetypeid>
    <extensionlist>DOC,DOCX</extensionlist>
    <IsDownload>true</IsDownload>
    <IsImage>false</IsImage>
    <IsVideo>false</IsVideo>
    <IsFlash>false</IsFlash>
    <iconlink>/resourcelibrary/IconWord.gif</iconlink>
    <mediaiconlink></mediaiconlink>
    <downloadiconlink>/resourcelibrary/IconWordDownload.gif</downloadiconlink>
  </filetype>
  <filetype>
    <name>Flash</name>
    <filetypeid>5</filetypeid>
    <extensionlist>SWF</extensionlist>
    <IsDownload>false</IsDownload>
    <IsImage>false</IsImage>
    <IsVideo>false</IsVideo>
    <IsFlash>true</IsFlash>
    <iconlink>/resourcelibrary/IconFlash.gif</iconlink>
    <mediaiconlink>/resourcelibrary/IconFlash.gif</mediaiconlink>
    <downloadiconlink>/resourcelibrary/IconFlashDownload.gif</downloadiconlink>
  </filetype>
  <filetype>
    <name>Adobe Acrobat PDF</name>
    <filetypeid>6</filetypeid>
    <extensionlist>PDF</extensionlist>
    <IsDownload>true</IsDownload>
    <IsImage>false</IsImage>
    <IsVideo>false</IsVideo>
    <IsFlash>false</IsFlash>
    <iconlink>/resourcelibrary/IconPDF.gif</iconlink>
    <mediaiconlink></mediaiconlink>
    <downloadiconlink>/resourcelibrary/IconPDFDownload.gif</downloadiconlink>
  </filetype>
  <filetype>
    <name>Spreadsheet</name>
    <filetypeid>7</filetypeid>
    <extensionlist>XLS,XLSX</extensionlist>
    <IsDownload>true</IsDownload>
    <IsImage>false</IsImage>
    <IsVideo>false</IsVideo>
    <IsFlash>false</IsFlash>
    <iconlink>/resourcelibrary/IconXLS.gif</iconlink>
    <mediaiconlink></mediaiconlink>
    <downloadiconlink>/resourcelibrary/IconXLSDownload.gif</downloadiconlink>
  </filetype>
  <filetype>
    <name>Power Point</name>
    <filetypeid>8</filetypeid>
    <extensionlist>PPT,PPS,PPTX</extensionlist>
    <IsDownload>true</IsDownload>
    <IsImage>false</IsImage>
    <IsVideo>false</IsVideo>
    <IsFlash>false</IsFlash>
    <iconlink>/resourcelibrary/IconPPT.gif</iconlink>
    <mediaiconlink></mediaiconlink>
    <downloadiconlink>/resourcelibrary/IconPPTDownload.gif</downloadiconlink>
  </filetype>
  <filetype>
    <name>Default</name>
    <filetypeid>9</filetypeid>
    <extensionlist></extensionlist>
    <IsDownload>true</IsDownload>
    <IsImage>false</IsImage>
    <IsVideo>false</IsVideo>
    <IsFlash>false</IsFlash>
    <iconlink>/resourcelibrary/IconDefault.gif</iconlink>
    <mediaiconlink>/resourcelibrary/IconDefaultMedia.gif</mediaiconlink>
    <downloadiconlink>/resourcelibrary/IconDefaultDownload.gif</downloadiconlink>
  </filetype>
</libraryconfig>